话题,用户链接,用户名,博文链接,发博时间,发博内容,点赞数,评论数,转发数,用户性别,用户IP,用户粉丝数,用户转评赞总数
#阳光信用#,https://weibo.com/7731456190?refer_flag=1001030103_,打工人在冲浪,https://weibo.com/7731456190/OdDba9on0?refer_flag=1001030103_,05月10日 14:24,【互动升级公告】@阳光信用‎早安互动帖近期将改为互动打卡超话随机互动。欢迎大家在互动打卡超话发布原创、真实、友善的帖子，正确使用话题的优质原创帖有机会获得阳阳官博翻牌互动哦~超话运营方向：微博正文#阳光信用#辟谣科普：微博正文​,619,892,49,男,北京,3841,"66,068"
#阳光信用#,https://weibo.com/5688915436?refer_flag=1001030103_,Christy周_,https://weibo.com/5688915436/OhjIagORP?refer_flag=1001030103_,06月03日 20:12,阳光信用超话#互联护苗##阳光信用#暑假就快到了，暑假期间是进行游泳锻炼的好时机，但也要注意游泳活动中的安全，下面我们一起来看看有哪些常见注意事项吧！　　1、游泳应在有安全保障的游泳区内进行。严禁在非游泳区内游泳。非游泳区或水流湍急，或水下杂草丛生，或水底地形复杂，是​展开c,60,168,0,女,湖南,59007,"144,347"
#阳光信用#,https://weibo.com/5068304139?refer_flag=1001030103_,珊珊统领天下,https://weibo.com/5068304139/OgM5KrEVm?refer_flag=1001030103_,05月31日 06:36,阳光信用超话5.31#阳光信用#《这一段话送给所有女孩子》如果此时此刻不太顺利的话，一定是以后有十倍百倍的好运在等着你，我们都是被困在当下的时候最痛苦，所以不要纠结，大步往前走，以后会很好很好。的，毕竟那个曾经一个人坐公交车都会紧张的小女孩，现在已经足够勇敢可以独自穿梭在每座城​展开c,330,476,55,女,黑龙江,10493,"856,714"
#阳光信用#,https://weibo.com/6023260248?refer_flag=1001030103_,鲜吒生椰,https://weibo.com/6023260248/OhlHJsXzm?refer_flag=1001030103_,今天01:16,aespa超话💙🌙⭐️🦋#阳光信用#做一个充满正能量的人，去感染和影响身边的人。让我们一起成为更好的自己，追求更加美好的人生。#‍每日‬一善#​,118,149,0,男,甘肃,14444,"42,939"
#阳光信用#,https://weibo.com/5958183502?refer_flag=1001030103_,狗派天下第一,https://weibo.com/5958183502/OfDKT1Lek?refer_flag=1001030103_,05月23日 19:33,网友说想蹭蹭我铁铁的号子，阳光信用一下，带阳光信用tag转或者评论就行。#阳光信用#善行一丈，远恶一米，积德一尺。以情恕人，以理律己，以善助人。以德化人，厚德而行，福自至矣。以书育人，以书引善，以书养德。上士忘善，中士行善，下士知善。为善须行，为德贵厚，为道酬勤。真行善者，当不求名​展开c,344,771,254,女,四川,232157,"11,981,967"
#阳光信用#,https://weibo.com/5609184218?refer_flag=1001030103_,羊就是咩咩叫,https://weibo.com/5609184218/OhhaJd4p0?refer_flag=1001030103_,06月03日 13:44,月初1-3号是涨分的关键期来涨阳光信用#阳光信用#（记得评要超过15个字）阳光信用查询O网页链接​,54,410,38,女,陕西,730247,"81,038,136"
#阳光信用#,https://weibo.com/6641811146?refer_flag=1001030103_,MD_宁夏爱梅雨巷,https://weibo.com/6641811146/OhllL63Vb?refer_flag=1001030103_,今天00:22,阳光信用超话#阳光信用#极好705☀️可蹭🈲快🧱带#阳光信用#🧱👍🏻🍎互动十五字以上更容易涨分❗❗❗信任是人与人沟通的必要条件，人生之幸，莫过于被人信任；人生之憾，莫过于失信别人，“信任”会让生活更美满、幸福。​展开c,151,251,29,女,贵州,12146,"135,002"
#阳光信用#,https://weibo.com/3472335322?refer_flag=1001030103_,初见妤现ING,https://weibo.com/3472335322/Ohpj9wpnC?refer_flag=1001030103_,今天10:27,#‍每日‎一善#🌱#阳光信用#少年，希望你能保持倔强，不要让岁月磨灭你眼中的光，你要像野地里无人照料的荒草，拼了命去生长。然后，让大地布满绿色，让生机洒遍人间。​,15,240,0,女,重庆,122036,"832,660"
#阳光信用#,https://weibo.com/3973167823?refer_flag=1001030103_,冬国密探零零狗,https://weibo.com/3973167823/OgJuKBEoh?refer_flag=1001030103_,05月31日 00:00,【每日一品茗】#金玟庭清泉vocal#MBC直拍封面🫶#‍每日‬一善#丨#阳光信用#金玟庭超话​,386,29,8,女,福建,12400,"356,489"
#阳光信用#,https://weibo.com/7762224104?refer_flag=1001030103_,玗玗1573,https://weibo.com/7762224104/OhcEwDRAr?refer_flag=1001030103_,06月03日 02:13,#日行一善##阳光信用#阳光信用超话辛苦宝宝们帮忙互动一下花不是为花店而开，人有各自的月亮。做自己的太阳，与山川湖海为伴，热爱生活，自信勇敢，保持善良，勇往直前！​,166,117,1,女,河北,253569,"259,489"
#阳光信用#,https://weibo.com/6335992819?refer_flag=1001030103_,超超才不黑,https://weibo.com/6335992819/OgN0asDyP?refer_flag=1001030103_,05月31日 08:55,任嘉伦超话#阳光信用##‍每日一善#你可能认为你可以用一些标签定义我，但你错了。因为我始终是一件正在加工的作品，我是我自己的自由。——莎拉·贝克韦尔《存在主义咖啡馆》↓↓↓​,1213,1123,727,男,湖北,126734,"4,653,675"
#阳光信用#,https://weibo.com/6060222343?refer_flag=1001030103_,宋亚轩官方后援会,https://weibo.com/6060222343/OhlcFqPCE?refer_flag=1001030103_,今天00:00,每日一善超话#阳光信用#传承中华美德，培养民族精神”，是全面建设小康社会，开创中国特色社会主义事业新局面的时代要求，是建设社会主义先进文化的重要方面。​​​图:@时代少年团-宋亚轩文:网络#失恋循环-宋亚轩#​,308,106,18,女,天津,1474024,"693,369,052"
#阳光信用#,https://weibo.com/6178232366?refer_flag=1001030103_,一頓十餐吃不飽,https://weibo.com/6178232366/OhoM1gSpa?refer_flag=1001030103_,今天09:05,沈星回超话💫#阳光信用#💫#每日一善#💫每一个善良的举动，都是世界的一缕温暖一份善良，就是一份爱，让我们的世界充满温暖和爱🌇星星是遥远的梦想，是温暖的家，是永恒的爱。让我们一起踏上寻找星星的旅程，去追寻那失落的记忆🌠————只是当闪电拂过星尘的瞬间我停下所​展开c,8,154,0,女,福建,18846,"44,849"
#阳光信用#,https://weibo.com/7368807447?refer_flag=1001030103_,吃口披萨-,https://weibo.com/7368807447/Ohq7S93Ws?refer_flag=1001030103_,今天12:31,齐司礼超话#每日一善##阳光信用#你要相信，未来是明亮的，我们的期许会带着我们去见那些从未见过的风景，没有什么会永远糟糕下去的，未来一定很好，正在努力的你也是。​,25,254,0,女,四川,70752,"175,236"
#阳光信用#,https://weibo.com/7741809619?refer_flag=1001030103_,梵特交响曲,https://weibo.com/7741809619/OhbMyc7ax?refer_flag=1001030103_,06月03日 00:00,#每日一善#v#阳光信用#每一日你所付出的代价都比前一日高，因为你的生命又过去了一天，所以每一日你都要更积极​,20,367,0,男,安徽,21322,"829,863"
#阳光信用#,https://weibo.com/7861497949?refer_flag=1001030103_,小刘爱喝安慕希,https://weibo.com/7861497949/OhtKHEfx3?refer_flag=1001030103_,41秒前,#每日一善##阳光信用#这世上，有一条路不能选择，那就是放弃的路；有一条路不能拒绝，那就是成长的路。新时代要有新作为，每个人都是一种色彩，都是“不一样的烟火”。与其埋怨世界，不如改变自己。管好自己的心，做好自己的事，比什么都强。自己的路，自己走，别人只能影响你，但绝对不能决​展开c,0,0,0,女,山东,1188,624
#阳光信用#,https://weibo.com/6440061749?refer_flag=1001030103_,符小杀,https://weibo.com/6440061749/OhtKFtyUY?refer_flag=1001030103_,46秒前,每日一善超话#阳光信用#也不用跟别人比，如果天性是蝙蝠，你肯定成不了鸵鸟。有时，你总觉得自己不正常，为自己的路与大多数人不同而自责。这个毛病得改。看火也好，看云也好，如果灵光闪现，内心的声音开始说话，就安心投身于其中吧。——赫尔曼·黑塞《德米安：彷徨少年时》 ​​​,1,0,0,男,福建,1149,"5,687"
#阳光信用#,https://weibo.com/7116236855?refer_flag=1001030103_,好喝果汁,https://weibo.com/7116236855/OhtKE7ILj?refer_flag=1001030103_,51秒前,阳光信用超话#阳光信用##每日一善#养权重❗❗❗尊敬的@曹国伟先生🌸我希望在你的Fendi里@FENDI🌸找一个Gucci的角落@GUCCI🌸我希望在你的Tiffany@TiffanyAndCo蒂芙尼像一个粉色的TomFord@TOMFORD汤姆福特希望在你LV@路易威登有CELINE和BVLGARL@BVLGARI宝格丽​展开c,0,0,0,女,海南,1043,"2,109"
#阳光信用#,https://weibo.com/7825630311?refer_flag=1001030103_,忆希颖,https://weibo.com/7825630311/OhtKAxGSI?refer_flag=1001030103_,58秒前,"#每日一善##阳光信用#人生太难，经历的一切，最终都只不过过眼云烟。不妨学着和自己和解，豁然地看待生活中的种种不如意，或许有时候也能收获另一种精彩。经历过风雨,心会变得更坚韧,擦肩而过的人​",0,0,0,女,湖南,10211,"7,551"
#阳光信用#,https://weibo.com/7834322349?refer_flag=1001030103_,桑桑稚a-,https://weibo.com/7834322349/OhtKhwlJz?refer_flag=1001030103_,1分钟前,赵露思超话💜#每日一善#💜#阳光信用#喜欢你明媚的眼睛，要多笑笑​,0,0,0,女,广西,3,76
#阳光信用#,https://weibo.com/7855124660?refer_flag=1001030103_,雅筱苒love,https://weibo.com/7855124660/OhtKgtcRL?refer_flag=1001030103_,1分钟前,阳光信用超话#阳光信用每日一善#夜色很美，路灯很亮，可这个城市从来不缺晚归的人。@阳光信用​,0,0,0,女,江西,5,330
#阳光信用#,https://weibo.com/7702746258?refer_flag=1001030103_,人间百灵鸟龚俊,https://weibo.com/7702746258/OhtKgmC6m?refer_flag=1001030103_,1分钟前,错过了落日余晖，也可以期待满天繁星，你走过路，不管是苦的还是咸的，路的尽头终会是温柔和月光，如果这个世界对你不温柔，总会有人来温柔你的世界。🍋🫑🍋｜#阳光信用#｜#每日一善#愿你脚踏善良，从此拥有远方。内心就融化了坚冰般的冰冷寒意，照射进生命的暖阳，温暖而明媚的气息萦绕进来​展开c,0,1,0,女,浙江,80,"2,426"
#阳光信用#,https://weibo.com/7805872092?refer_flag=1001030103_,易枝桉,https://weibo.com/7805872092/OhtK98ma6?refer_flag=1001030103_,2分钟前,阳光信用超话#阳光信用每日一善#✨#高考加油#祝你前程似锦，在冬深，在初春，在夏至，在秋末​,0,1,0,女,河北,12,523
#阳光信用#,https://weibo.com/7866341467?refer_flag=1001030103_,简姝芸,https://weibo.com/7866341467/OhtK7FEFr?refer_flag=1001030103_,2分钟前,阳光信用超话#阳光信用#夏天里最令人幸福的，就是你笑着向我跑来，带着阳光和花果的清香…愿所有的梦想，都能在夏日蓬勃生长。愿你的整个夏天，都能被梦想点亮～​,0,0,0,女,河北,29,"1,210"
